URL,Date Modified,Name,Duplicate Name,Duplicate URL
chrome://apps/,1660682527,Apps,False,False
http://localhost:5000/,1686860961,localhost:5000,False,False
http://localhost:8000/,1691374771,localhost:8000,False,False
https://www.youtube.com/watch?v=yWO-cvGETRQ,1503614081,The Information Paradox - How Black Holes Could Delete the Universe,False,False
https://www.youtube.com/watch?v=tlTKTTt47WE,1506036325,The Simulation Arguement,False,False
https://www.youtube.com/watch?v=Erp8IAUouus,1526257040,Social Security Cards Explained,False,False
https://www.youtube.com/watch?v=3eQP6JoxtKk,1526602406,Film Theory: Thanos Was RIGHT!!,False,False
https://play.endel.io/,1605588140,Endel,False,False
https://www.youtube.com/watch?v=OOFP_f01HL4,1527304692, HALO Theme Song (Trap Remix) [Halo 3 Tribute],False,False
https://www.youtube.com/,1672005364,YouTube,False,False
https://authentication.td.com/uap-ui/index.html?consumer=easyweb&locale=en_CA#/login/easyweb-getting-started,1628458326,TD EasyWeb,False,False
https://anilist.co/home,1611016350,AniList,False,False
https://anichart.net/Winter-2021,1608696333,AniChart,False,False
https://discord.com/app,1687986707,Discord,False,False
https://www.linkedin.com/feed/,1688835947,LinkedIn,False,False
https://aniwatch.to/,1691385985,Aniwatch.to,False,False
https://en-ca.sennheiser.com/truewireless-details,1576882638,"Sennheiser MOMENTUM True Wireless - - Sennheiser‚Äôs exquisite MOMENTUM True Wireless set a new benchmark for audio quality, comfort and craftsmanship. Powered by the audio expert‚Äôs audiophile driver technology, the beautifully designed Bluetooth ear bu",False,False
https://www.amazon.ca/s?k=iphone+6s&gclid=CjwKCAiA__HvBRACEiwAbViuU_XbByhpvAa4vzCLyHBjioOv_zn1Z_yZOauoaDLflYIGeUMbyGqkDBoCjj4QAvD_BwE&hvadid=229933597422&hvdev=c&hvlocphy=9047859&hvnetw=g&hvpos=1t1&hvqmt=e&hvrand=14178174098304692086&hvtargid=kwd-295217844689&hydadcr=4519_9988564&tag=googcana-20&ref=pd_sl_11dgwlcmne_e,1576882964,Amazon.ca: iphone 6s,False,False
https://www.youtube.com/watch?v=76yRObMIwa0,1613961869, MAGS - magnetically assisted gears,False,False
https://www.youtube.com/watch?v=k6QNOVmsRng,1614037964,How to Break PDF Security,False,False
https://www.google.ca/search?q=razer+background&rlz=1CATAAB_enCA750CA751&source=lnms&tbm=isch&sa=X&ved=0ahUKEwiH9NfMwIDYAhUM2WMKHbzbD04Q_AUICigB#imgrc=f7NRAONMxogKdM:,1512945382,razer background,False,False
https://www.google.ca/search?q=infinite+tsukuyomi&rlz=1CATAAB_enCA750CA751&source=lnms&tbm=isch&sa=X&ved=0ahUKEwiFz7XGhYbYAhUo34MKHbl-DGwQ_AUICigB#imgrc=midCND9CbnyILM:,1513135699,infinite tsukuyomi,False,False
https://www.youtube.com/watch?v=tx2LXzM-Q2A,1631302853,turnip turns up,False,False
https://twitter.com/9baMelo,1684548672,ÁÅ∏Â†¥„É°„É≠ (@9baMelo) / Twitter,False,False
https://www4.gogoanime.pro/,1626116647,GoGoAnime,False,False
https://9anime.at/?13,1626116647,9anime,False,False
https://jellyfin.org/,1626113502,Jellyfin: The Free Software Media System,False,False
https://emby.media/,1626113503,Emby - The open media solution,False,False
https://www.reddit.com/r/usenet/wiki/index,1626112665,usenet index,False,False
https://www.reddit.com/r/selfhosted/,1626112682,r/SelfHosted,False,False
https://libgen.rs/,1632338955,Library Genesis,False,False
https://libgen.me/,1632338955,Libgen,False,False
https://www.livechart.me/winter-2023/tv,1671894811,Winter 2023 Anime Chart - Television | LiveChart.me,False,False
https://chiaki.site/?/tools/watch_order,1671894813,Watch Order / chiaki.site,False,False
https://rentry.co/megathread/,1688320448,üìú ‚ûú Megathread,False,False
https://rentry.co/megathread/#movies-tv,1688320456,üìú ‚ûú Megathread,True,False
https://rentry.co/wkirm#streaming,1688320457,MOVIES &amp; TV,False,False
https://gamefaqs.gamespot.com/ps4/260936-persona-5-royal/faqs/78212,1676102921,Persona 5 Royal Walkthrough &amp; Guide - PlayStation 4 - By marendarade - GameFAQs,False,False
https://gamefaqs.gamespot.com/ps4/260936-persona-5-royal/faqs/78212/confidant-availability,1676102925,Confidant Availability - Persona 5 Royal Walkthrough &amp; Guide - GameFAQs,False,False
https://www.youtube.com/watch?v=5cAMGkhVgPg,1593131004, How my aim became insane after 30 days of aim training (Kovaaks and Valorant),False,False
https://www.youtube.com/watch?v=Uw2dWw-lzjk&t=2s,1590348211, Shroud - One of the Best in FPS,False,False
https://www.google.com/search?q=Peakers+advantage+valorant&rlz=1C1UEAD_enCA1058CA1058&oq=Peakers+advantage+valorant&aqs=chrome..69i57.1530j0j7&sourceid=chrome&ie=UTF-8,1687236956,Peakers advantage valorant,False,False
https://www.tiktok.com/@w0rthytv?lang=en,1687236980,Kris Der Krasowski (@w0rthytv) | TikTok,False,False
https://www.youtube.com/watch?v=YD-8WUizs4M,1689269096,How To VOD Review At Each Rank - Silver to Challenger - Climbing At Every Elo - Trends,False,False
https://www.youtube.com/watch?v=rJT3LSOa3Yg,1689269110,How This Client Went From Gold To Master In 14 Months,False,False
https://itch.io/bundle/download/FaqRXNLbHMsK5D_3gpfUufZEmpHQlD6lg6ZgTsHc,1592274183,Bundle,False,False
https://www.gog.com/,1628710183,GOG,False,False
https://www.g2a.com/,1628710198,G2A,False,False
https://www.greenmangaming.com/,1628710203,GMG,False,False
https://loldodgegame.com/,1655954270,LoLDodge,False,False
https://play.typeracer.com/,1657079071,TypeRacer,False,False
https://www.tiktok.com/@jasonandlaurenpak?lang=en,1686251528,Jason and Lauren (@jasonandlaurenpak) | TikTok,False,False
https://www.tiktok.com/@movementbydavid?lang=en,1686251530,MovementbyDavid (@movementbydavid) | TikTok,False,False
https://mangatoto.com/chapter/1909745,1684178543,Tiger &amp; Dragon,False,False
https://www.webtoons.com/en/romance/maybe-meant-to-be/ep-28-does-it-bother-you/viewer?title_no=4208&episode_no=28,1684178549,Maybe Meant to Be,False,False
https://yesmovies.pe/movie/prisoners-7591.html,1653439319,Prisoners,False,False
https://yesmoviez.to/movie/no-time-to-die-1630851790.html,1653439338,No Time to Die,False,False
https://www.google.com/search?q=top+big+tech+companies+to+work+at&rlz=1C1UEAD_enCA1058CA1058&oq=top+big+tech+companies+to+work+at&aqs=chrome..69i57.4349j0j7&sourceid=chrome&ie=UTF-8,1689712239,top big tech companies to work at,False,False
https://www.youtube.com/watch?v=v2X51AVgl3o,1692224068,Contributing to Open Source will change your Life | How to Start? | Ali Solanki,False,False
https://learningcommons.ubc.ca/category/type/interactive/,1692126722,Interactive Archives - Learning Commons,False,False
https://keeplearning.ubc.ca/,1692126740,Keep Learning | Keep Learning,False,False
https://www.youtube.com/watch?v=qhHXY_hs9FI,1641695825,The best kept secret for succeeding as Software Engineer,False,False
https://www.youtube.com/watch?v=UTgkSO1lm6o,1690986627,The #1 way to strengthen your mind is to use your body | Wendy Suzuki,False,False
https://www.youtube.com/watch?v=oIAP1_NrSbY,1611425291, Reading Kernel Source Code - Analysis of an Exploit,False,False
https://www.google.com/search?q=how+to+play+nintendo+roms+on+dolphin+emulator&rlz=1C1UEAD_enCA1058CA1058&oq=how+to+play+nintendo+roms+on+dolphin+emulator&aqs=chrome..69i57.10212j0j7&sourceid=chrome&ie=UTF-8,1689712332,how to play nintendo roms on dolphin emulator,False,False
https://www.reddit.com/r/Rainmeter/comments/b09c99/nasa_space_nebula_suite/,1628020140,Rainmeter NASA Suite,False,False
https://www.youtube.com/watch?v=oBt53YbR9Kk,1686776295,Dynamic Programming - Learn to Solve Algorithmic Problems &amp; Coding Challenges,False,False
https://www.google.com/search?q=200%2B+Leetcode&rlz=1C1CHBF_enCA975CA975&oq=200%2B+Leetcode&aqs=chrome..69i57j0i22i30l7.1147j0j7&sourceid=chrome&ie=UTF-8,1639425969,200+ Leetcode,False,False
https://www.youtube.com/watch?v=cFlulVc7Y1Q,1687380797,Avoid Merge Conflicts with Just One Click ‚Äì REBASE,False,False
https://www.youtube.com/watch?v=JfZ7KRgaDpk,1687369807,10 PyCharm Tips To Code FASTER! üöÄüöÄüöÄ,False,False
https://www.youtube.com/watch?v=9_b8Z2kAFyY,1692292556,Why VPNs are a WASTE of Your Money (usually‚Ä¶),False,False
https://www.digitaltrends.com/home-theater/eq-explainer/,1692302937,How to master your equalizer settings for the perfect sound | Digital Trends,False,False
https://docs.python.org/3/library/argparse.html,1692302760,"argparse ‚Äî Parser for command-line options, arguments and sub-commands ‚Äî Python 3.11.4 documentation",False,False
https://support.google.com/accounts/answer/185833?hl=en&sjid=5251057513800399350-NA,1692302770,Sign in with app passwords - Google Account Help,False,False
https://github.com/ricohasgithub/Firebase-Python-Sample,1687031727,Firebase Python Sample,False,False
https://github.com/CoreyMSchafer/code_snippets,1688838165,Corey Code Snippets,False,False
https://www.google.com/search?q=what+is+a+conolutional+neural+network&rlz=1C1UEAD_enCA1058CA1058&oq=what+is+a+conolutional+neural+network&aqs=chrome..69i57.5566j0j4&sourceid=chrome&ie=UTF-8,1687282977,what is a convolutional neural network,False,False
https://www.youtube.com/watch?v=YwWfKitB8aA,1688592670,Python Sockets Simply Explained,False,False
https://www.youtube.com/watch?v=lXZk0g60qRg,1687369785,Learn NumPy In 30 Minutes,False,False
https://www.youtube.com/watch?v=xfzGZB4HhEE,1687727703,Algorithmic Trading Using Python - Full Course,False,False
https://github.com/ricohasgithub/IntegraPipeline,1687031444,Integra Pipeline,False,False
https://www.youtube.com/watch?v=M6cfT2pqpSc,1691521650,Supabase Crash Course For Python Developers,False,False
https://vuejs.org/guide/introduction.html,1685929135,Introduction | Vue.js,False,False
https://www.google.com/search?q=elasticsearch&rlz=1C1UEAD_enCA1058CA1058&oq=elasticsearch&aqs=chrome..69i57j69i65.107j0j7&sourceid=chrome&ie=UTF-8,1687807303,elasticsearch,False,False
https://www.youtube.com/watch?v=qo_fUjb02ns,1686856204,Industrial-scale Web Scraping with AI &amp; Proxy Networks,False,False
https://www.youtube.com/watch?v=mBcBoGhFndY,1686856295,I built an image search engine,False,False
https://www.google.com/search?rlz=1C1UEAD_enCA1058CA1058&sxsrf=APwXEdeddbGLPkjjqJsS8K-XrCIEz2kMcQ:1687225664499&q=swing+gui&tbm=isch&sa=X&ved=2ahUKEwj8sI2z3dD_AhW1JH0KHW-PAOgQ0pQJegQICxAB&biw=2048&bih=1002&dpr=1.25#imgrc=4PDVJtm6TCOhTM,1687226463,swing gui,False,False
https://www.youtube.com/watch?v=JY_d0vf-rfw,1687484911,SST in 100 seconds,False,False
https://www.youtube.com/watch?v=eT3WHdr8aCw,1687751673,Google Cloud Firestore in 10 mins (Node.js),False,False
https://www.youtube.com/watch?v=dyZmsz6usWk,1687751686,OAuth 2.0 using Auth0 | React.js and Node.js,False,False
https://www.youtube.com/watch?v=6RvlKYgRFYQ&t=30s,1687751731,Webhooks vs Websockets vs HTTP Streaming - Which Event-Driven API to use?,False,False
https://www.youtube.com/watch?v=hkXzsB8D_mo,1687751732,REST vs RPC vs GraphQL API - How do I pick the right API paradigm?,False,False
https://www.youtube.com/watch?v=RvyCAdDmFaw,1687732881,5 Amazing Open-Source React Projects to Learn From,False,False
https://www.youtube.com/watch?v=TBOmUuG-9BY,1687732894,It&#39;s time to talk about these UI trends,False,False
https://www.youtube.com/playlist?list=PLN3n1USn4xlmnkpns8fcPqZAoBLidlXNm,1687725797,Beginner React Native Tutorials,False,False
https://www.youtube.com/watch?v=frvXANSaSec&list=PLWKjhJtqVAbnupwRFOq9zGOWjdvPRtCmO&index=30,1687729857,React Native - Intro Course for Beginners,False,False
https://www.youtube.com/watch?v=3Pxj-4IrOcs,1687381835,"Should you use Sequelize, TypeORM, or Prisma 1?",False,False
https://www.youtube.com/watch?v=LCAIkx1p1k0,1687375183,Beyond Surreal? A closer look at NewSQL Relational Data,False,False
https://www.youtube.com/watch?v=KmJN-bEayeY&list=PL5S4mPUpp4OtwG-qCxm8gA_hjaBq0OPdz,1687375397,Route Handler Cookies // Auth in the Next.js app directory,False,False
https://www.youtube.com/watch?v=B55Wv6G3fKk&list=PL5S4mPUpp4OuLOWOguO6E9F2IMm2OoxJu,1687375418,Build your own ChatGPT with Deno Fresh and OpenAI,False,False
https://www.youtube.com/watch?v=4deVCNJq3qc&list=PLWKjhJtqVAbkE0Or3HVMRTy-mq_wFUNVv,1687729822,Learn Vue.js - Full Course for Beginners - 2019,False,False
https://www.youtube.com/watch?v=Fa4cRMaTDUI&list=PLWKjhJtqVAbnadueQ-C5keMQQiQau_i0D,1687729835,Full Stack Web App using Vue.js &amp; Express.js: Part 1 - Intro,False,False
https://www.youtube.com/watch?v=hwBUU9CP4qI&list=PL0vfts4VzfNiQYtnn1TZ6U0Ec_vjCN9VY,1687800249,Flutter Flare Basics - Let&#39;s Build Giphy&#39;s Nav Menu,False,False
https://www.youtube.com/watch?v=-uN1Q98UMO4,1687800249,Most overpowered way to build mobile apps?,False,False
https://www.youtube.com/watch?v=PkZNo7MFNFg&list=PLWKjhJtqVAbleDe3_ZA8h3AO2rXar-q2V,1687729908,Learn JavaScript - Full Course for Beginners,False,False
https://www.youtube.com/watch?v=bRAcWk9S-6g,1687888651,What you need to know about Decorators,False,False
https://www.youtube.com/@TheLinuxEXP/videos,1689270792,The Linux Experiment,False,False
https://www.google.com/search?q=linux+vm&rlz=1C1GCEA_enCA966CA966&oq=linux+vm&aqs=chrome..69i57j69i65.2551j0j7&sourceid=chrome&ie=UTF-8,1692124427,linux vm,False,False
https://my.visualstudio.com/benefits?ocid=aid3046724&utm_issue=202207&utm_position=TopBanner&utm_content=Portal&utm_cta=DevEssentialsPortal,1658532085,Dev Essentials,False,False
https://vscode.dev/,1637627626,vscode.dev,False,False
https://codepen.io/,1640564781,CodePen,False,False
https://nbviewer.org/github/srnghn/ml_example_notebooks/blob/master/Predicting%20Yacht%20Resistance%20with%20Decision%20Trees%20%26%20Random%20Forests.ipynb?source=post_page---------------------------,1685928768,Jupyter Notebook Viewer,False,False
https://devpost.com/,1628044861,Devpost,False,False
https://github.com/jenndryden/Canadian-Tech-Internships-Summer-2024,1686937383,Canadian Tech Internships for Summer 2024,False,False
https://github.com/pittcsc/Summer2024-Internships,1686939622,Summer 2024 Tech Internships,False,False
https://colab.research.google.com/#,1686114291,Google Colaboratory,False,False
https://code.visualstudio.com/docs/editor/tasks-appendix,1641074286,Visual Studio Code Tasks Appendix,False,False
https://webhook.site/#!/ff7d052b-fc2a-4aab-a773-da59592da501,1687729693,Webhook.site,False,False
http://httpbin.org/#/,1688428047,httpbin.org,False,False
https://codebeautify.org/htmlviewer#,1688850252,HTML Beautifier,False,False
https://stackoverflow.com/,1690921056,Stack Overflow,False,False
https://www.dbdesigner.net/,1691176978,DB Designer,False,False
https://postgres-fake-data.netlify.app/,1691211364,Postgres Random Data Inserter,False,False
https://stackoverflow.com/questions/32874108/how-to-save-photos-using-instagram-api-and-python,1687739712,How to save photos using instagram API and python - Stack Overflow,False,False
https://www.youtube.com/watch?v=hKxtMaa2hwQ,1687739712,Send SMS Text Message With Python Using GMail SMTP For Free,False,False
https://www.youtube.com/watch?v=TbMKwl11itQ&list=PLWKjhJtqVAbmDGFE_pZ-PDJ1GWe3KtT-M&index=9,1687396092,Create a Keylogger with Python - Tutorial,False,False
https://www.youtube.com/watch?v=mG8UupGkbGo,1687396100,I built a *streaming* AI chat app,False,False
https://www.youtube.com/watch?v=oBklltKXtDE,1689448475,"PyTorch at Tesla - Andrej Karpathy, Tesla",False,False
https://www.youtube.com/watch?v=vUlqLwI1dco,1689448488,"Offline ChatGPT without GPU, without big memory, without big dataset, pure python, state of art",False,False
https://www.youtube.com/watch?v=MiwSUfyHgRE,1687815629,FIGMA for DEVS? New VS Code Plugin?!?,False,False
https://www.youtube.com/watch?v=alMTZlYdIl4,1689704552,Host a Website for FREE using Github Pages!,False,False
https://www.youtube.com/@GoogleDevelopers,1687807003,Google for Developers,False,False
https://www.youtube.com/watch?v=kqNpp0rxp8k,1692157380,Google Certificate Tier List,False,False
https://www.youtube.com/watch?v=SfDoWTXf14w,1687545052,How Secure Is Your Build Server? A Story of Packages and Trust,False,False
https://www.youtube.com/watch?v=dd_kfEz0zyo,1687545058,Blockchain Domains + IPFS = Decentralized Websites,False,False
https://automatetheboringstuff.com/,1689270453,Automate the Boring Stuff with Python,False,False
https://students.ubc.ca/enrolment/finances/financial-wellness-workshops,1630456242,Financial Wellness workshops,False,False
https://itools-ioutils.fcac-acfc.gc.ca/BP-PB/budget-planner,1631642956,Budget Planner,False,False
https://students.ubc.ca/career,1663886642,UBC Career,False,False
https://pdportal.apsc.ubc.ca/myAccount/dashboard.htm,1685396848,PD Portal,False,False
https://engineering.ubc.ca/,1685396848,UBC Faculty of Applied Science,False,False
https://ubcengineers.ca/,1685396848,UBC EUS,False,False
https://ikblc.ubc.ca/,1630622025,The Irving K. Barber Learning Centre,False,False
https://libcal.library.ubc.ca/reserve/spaces/eml,1634691313,Space Availability/Booking,False,False
http://www.calendar.ubc.ca/vancouver/,1625794124,UBC Calendar,False,False
https://experience.apsc.ubc.ca/,1633983871,Experiential Learning Hub,False,False
https://vancouver.housing.ubc.ca/other-housing/off-campus-housing/,1630555373,Living Off Campus,False,False
https://www.ams.ubc.ca/student-services/housing/,1630617113,AMS Housing Service,False,False
https://learningcommons.ubc.ca/tutoring-and-advice/tutoring/,1632339970,"Tutoring, Coaching, and Writing",False,False
https://www.youtube.com/watch?v=PeeC_rWbios&list=PLbYOkEbzW900YRtAjhaexY7HowOE3ra7z&index=7,1671710963,Double Integrals in Polar Coordinates,False,False
https://ssc.adm.ubc.ca/sscportal/servlets/SSCMain.jsp,1611086882,Student Service Centre,False,False
https://canvas.ubc.ca/,1648944197,Dashboard,False,False
https://piazza.com/class/l7du1zowwbi2t3/,1662612651,Piazza,False,False
https://ubcca-my.sharepoint.com/personal/idatta_student_ubc_ca/_layouts/15/onedrive.aspx,1632162710,OneDrive Files,False,False
https://docs.google.com/spreadsheets/d/1eiQ0TEptBsWhUeq7Wj46pI7pwRJiiHPeCrhpTUGq2BQ/edit#gid=178981423,1674088293,Gradebook,False,False
https://clockwork.as.it.ubc.ca/ClockWork/custom/misc/home.aspx,1681849320,CFA Portal,False,False
https://webmail.student.ubc.ca/owa/auth/logon.aspx?replaceCurrent=1&url=https%3a%2f%2fwebmail.student.ubc.ca%2fowa%2f,1625771839,Webmail,False,False
https://status.it.ubc.ca/,1625779707,UBC Status,False,False
https://docs.google.com/document/u/0/,1607807564,U/0,False,False
https://calendar.google.com/calendar/u/0/r,1626929255,Google Calendar,False,False
https://github.com/Ishaan-Datta?tab=projects,1686548270,Projects,False,False
https://app.clockify.me/tracker,1685681797,Clockify,False,False
https://canvas.ubc.ca/calendar#view_name=month&view_start=2023-04-01,1680046568,Calendar,False,False
https://docs.google.com/spreadsheets/d/1JR5uCZtSmie8EB0EGxLfoYZnX5PG79ImMIoTmihkD3g/edit#gid=0,1689208901,Aim Grind,False,False
https://www.hellofresh.ca/my-account/deliveries/past-deliveries?locale=en-CA&subscriptionId=3769489&week=2023-W16,1681677083,HF,False,False
https://learn.microsoft.com/en-us/certifications/azure-fundamentals/,1684609558,Cert1,False,False
https://aws.amazon.com/certification/certified-cloud-practitioner/,1684609565,Cert2,False,False
https://aws.amazon.com/certification/certified-solutions-architect-associate/,1684609574,Cert3,False,False
https://chat.openai.com/,1690921062,ChatGPT,False,False
https://nhentai.net/artist/napata/popular,1691114174,"Artist: napata, popular ¬ª nhentai: hentai doujinshi and manga",False,False
https://nhentai.net/artist/herio/popular,1691440332,"Artist: herio, popular ¬ª nhentai: hentai doujinshi and manga",False,False
